,Fluor,Efficiency %,Slope,Y-Intercept,R^2
,FAM,106.019322744525,-3.18564720501268,36.9674424267448,0.998668195931851
