,Fluor,Efficiency %,Slope,Y-Intercept,R^2
,FAM,104.68133613778,-3.2146253279322,37.0856162107482,0.997501422787679
