,Fluor,Efficiency %,Slope,Y-Intercept,R^2
,FAM,99.5545461584985,-3.33264873922009,38.285469608063,0.998111648971654
